Comparison,Description,Δ R²,Cohen's d,t-stat,p-value (t-test),p-value (Wilcoxon),N wells,Significant
XGBoost vs HistGB,XGBoost vs HistGB,0.00020940998244534104,0.011288078032454256,0.058654574016038706,0.9536757348893508,0.3011907488107681,27,False
XGBoost vs LightGBM,XGBoost vs LightGBM,0.0029056857522352653,0.14533813623171735,0.7551991086921047,0.4569166849638776,0.3864929676055908,27,False
XGBoost vs RandomForest,XGBoost vs RandomForest,0.004356057089093257,0.19779489805334977,1.0277724387189247,0.31352411164869703,0.9153143465518951,27,False
XGBoost vs MLP,Best ML vs Best NN,0.10175330916034175,0.6099281591316161,3.1692796817487436,0.003887369987825902,8.372962474822998e-05,27,True
MLP vs CNN,MLP vs CNN,0.019228141358940576,0.15506196099859718,0.805725584312502,0.427709050289229,0.4553176909685135,27,False
