rho,p_value,n_wells,method
0.46764346764346765,0.013906342258494967,27,XGBoost
